id,Name
0,placeholder
1,1594877197632-noise0.mp3
1,1594534381921-Basses.mp3
1,1594534509475-Harmonics.mp3
1,1594534524363-Haze.mp3
1,1594534580429-Tapper Corda.mp3
1,1594536454185-Pressure Strings.mp3
1,1594539364287-dmck4.mp3
2,1594877197632-noise0.mp3
2,1594534509475-Harmonics.mp3
2,1594534509475-Harmonics.mp3
2,1594534524363-Haze.mp3
2,1594534580429-Tapper Corda.mp3
2,1594536454185-Pressure Strings.mp3
2,1594539364287-dmck4.mp3
3,1594877197632-noise0.mp3
3,1594534509475-Harmonics.mp3
3,1594702767184-Choir.mp3
3,1594534524363-Haze.mp3
3,1594534580429-Tapper Corda.mp3
3,1594536454185-Pressure Strings.mp3
3,1594539364287-dmck4.mp3
4,1594877316368-Harmonics.mp3
4,1594534509475-Harmonics.mp3
4,1594702767184-Choir.mp3
4,1594534524363-Haze.mp3
4,1594534580429-Tapper Corda.mp3
4,1594536454185-Pressure Strings.mp3
4,1594539364287-dmck4.mp3
5,1594877316368-Harmonics.mp3
5,1594534509475-Harmonics.mp3
5,1594534524363-Haze.mp3
5,1594534524363-Haze.mp3
5,1594534580429-Tapper Corda.mp3
5,1594536454185-Pressure Strings.mp3
5,1594539364287-dmck4.mp3
6,1594877316368-Harmonics.mp3
6,1594534509475-Harmonics.mp3
6,1594702767184-Choir.mp3
6,1594534524363-Haze.mp3
6,1594534580429-Tapper Corda.mp3
6,1594536454185-Pressure Strings.mp3
6,1594877454106-Haze.mp3
7,1594534580429-Tapper Corda.mp3
7,1594534509475-Harmonics.mp3
7,1594702767184-Choir.mp3
7,1594534524363-Haze.mp3
7,1594534580429-Tapper Corda.mp3
7,1594536454185-Pressure Strings.mp3
7,1594877454106-Haze.mp3
8,1594534580429-Tapper Corda.mp3
8,1594534509475-Harmonics.mp3
8,1594702767184-Choir.mp3
8,1594534524363-Haze.mp3
8,1594534580429-Tapper Corda.mp3
8,1594536454185-Pressure Strings.mp3
8,1594877454106-Haze.mp3
9,1594877791512-Time.mp3
9,1594534509475-Harmonics.mp3
9,1594702767184-Choir.mp3
9,1594534524363-Haze.mp3
9,1594877791512-Time.mp3
9,1594536454185-Pressure Strings.mp3
9,1594877454106-Haze.mp3
10,1594702893193-Time.mp3
10,1594534509475-Harmonics.mp3
10,1594702767184-Choir.mp3
10,1594534524363-Haze.mp3
10,1594877791512-Time.mp3
10,1594536454185-Pressure Strings.mp3
10,1594877454106-Haze.mp3
11,1594702893193-Time.mp3
11,1594534509475-Harmonics.mp3
11,1594702767184-Choir.mp3
11,1594534524363-Haze.mp3
11,1594877989306-Haze.mp3
11,1594536454185-Pressure Strings.mp3
11,1594877454106-Haze.mp3
12,1594702893193-Time.mp3
12,1594877989306-Haze.mp3
12,1594702767184-Choir.mp3
12,1594534524363-Haze.mp3
12,1594877989306-Haze.mp3
12,1594536454185-Pressure Strings.mp3
12,1594877454106-Haze.mp3
13,1594702893193-Time.mp3
13,1594702767184-Choir.mp3
13,1594702767184-Choir.mp3
13,1594534524363-Haze.mp3
13,1594877989306-Haze.mp3
13,1594536454185-Pressure Strings.mp3
13,1594877454106-Haze.mp3
14,1594878018977-Pressure Strings.mp3
14,1594702767184-Choir.mp3
14,1594702767184-Choir.mp3
14,1594534524363-Haze.mp3
14,1594877989306-Haze.mp3
14,1594536454185-Pressure Strings.mp3
14,1594877454106-Haze.mp3
15,1594878018977-Pressure Strings.mp3
15,1594702767184-Choir.mp3
15,1594702767184-Choir.mp3
15,1594539364287-dmck4.mp3
15,1594877989306-Haze.mp3
15,1594536454185-Pressure Strings.mp3
15,1594877454106-Haze.mp3
16,1595473393674-Time.mp3
16,1595471582783-Harmonics.mp3
16,1595471528986-Harmonics.mp3
16,1595470642733-Haze.mp3
16,1594877989306-Haze.mp3
16,1595302640121-Choir.mp3
16,1595473497572-Basses.mp3
17,1595473393674-Time.mp3
17,1594534381921-Basses.mp3
17,1595471528986-Harmonics.mp3
17,1595470642733-Haze.mp3
17,1594877989306-Haze.mp3
17,1595302640121-Choir.mp3
17,1595473497572-Basses.mp3
18,1595473393674-Time.mp3
18,1594534381921-Basses.mp3
18,1595471528986-Harmonics.mp3
18,1595470642733-Haze.mp3
18,1595473497572-Basses.mp3
18,1595302640121-Choir.mp3
18,1595473497572-Basses.mp3
19,1595473393674-Time.mp3
19,1594534381921-Basses.mp3
19,1595471528986-Harmonics.mp3
19,1595470642733-Haze.mp3
19,1595479043863-Tapper Corda.mp3
19,1595472414014-Time.mp3
19,1595479043863-Tapper Corda.mp3
20,1595473393674-Time.mp3
20,1594534381921-Basses.mp3
20,1595471528986-Harmonics.mp3
20,1595471582783-Harmonics.mp3
20,1595479043863-Tapper Corda.mp3
20,1595472414014-Time.mp3
20,1595479043863-Tapper Corda.mp3
21,1595473393674-Time.mp3
21,1594534381921-Basses.mp3
21,1595471528986-Harmonics.mp3
21,1595471582783-Harmonics.mp3
21,1595479043863-Tapper Corda.mp3
21,1595472414014-Time.mp3
21,1595473497572-Basses.mp3
22,1595473393674-Time.mp3
22,1594534381921-Basses.mp3
22,1595470572530-Choir.mp3
22,1595471582783-Harmonics.mp3
22,1595479043863-Tapper Corda.mp3
22,1595472414014-Time.mp3
22,1595473497572-Basses.mp3
23,1595472719534-Haze.mp3
23,1594534381921-Basses.mp3
23,1595470572530-Choir.mp3
23,1595471582783-Harmonics.mp3
23,1595479043863-Tapper Corda.mp3
23,1595472414014-Time.mp3
23,1595473497572-Basses.mp3
24,1595472719534-Haze.mp3
24,1594534381921-Basses.mp3
24,1595470572530-Choir.mp3
24,1595471582783-Harmonics.mp3
24,1595479043863-Tapper Corda.mp3
24,1595472414014-Time.mp3
24,1595473497572-Basses.mp3
25,1595472719534-Haze.mp3
25,1594534381921-Basses.mp3
25,1594536454185-Pressure Strings.mp3
25,1595471582783-Harmonics.mp3
25,1595479043863-Tapper Corda.mp3
25,1595472414014-Time.mp3
25,1595473497572-Basses.mp3
26,1595472719534-Haze.mp3
26,1594534381921-Basses.mp3
26,1594536454185-Pressure Strings.mp3
26,1595480200014-Pressure Strings.mp3
26,1595479043863-Tapper Corda.mp3
26,1595472414014-Time.mp3
26,1595473497572-Basses.mp3
